# E (eV),Tr beamline
1.030033,0.872858
1.300334,0.874588
1.570634,0.874210
1.840934,0.871805
2.111235,0.866770
2.381535,0.858128
2.651835,0.843617
2.922136,0.818694
3.192436,0.773815
3.462736,0.684675
3.733037,0.487184
4.003337,0.094728
4.273637,0.000000
4.543938,0.009961
4.814238,0.344326
5.084538,0.599564
5.354839,0.720336
5.625139,0.782928
5.895439,0.818967
6.165740,0.841581
6.436040,0.856625
6.706340,0.867066
6.976641,0.874539
7.246941,0.879906
7.517241,0.883562
7.787542,0.885905
8.057842,0.886896
8.328142,0.886191
8.598443,0.883258
8.868743,0.876819
9.139043,0.863972
9.409344,0.837737
9.679644,0.778038
9.949944,0.612192
10.220024,0.125330
10.490054,0.000086
10.760084,0.214946
11.030114,0.605458
11.300144,0.753192
11.570174,0.815046
11.840204,0.846407
12.110234,0.864364
12.380264,0.875248
12.650294,0.881609
12.920324,0.884039
13.190354,0.880600
13.460384,0.861779
13.730414,0.757586
14.000444,0.099462
14.270474,0.298401
14.540504,0.769692
14.810535,0.860504
15.080565,0.884774
15.350595,0.895799
15.620625,0.902137
15.890655,0.906324
16.160685,0.909408
16.430715,0.911748
16.700745,0.913697
16.970775,0.915293
17.240805,0.916678
17.510835,0.917899
17.780865,0.918959
18.050895,0.919854
18.320925,0.920537
18.590955,0.921036
18.860985,0.921185
19.131015,0.920739
19.401045,0.918985
19.671075,0.913810
19.941105,0.895110
20.211135,0.697532
20.481165,0.133903
20.751195,0.553339
21.021225,0.823607
21.291255,0.895273
21.561285,0.909197
21.831315,0.913462
22.101345,0.913618
22.371375,0.908571
22.641405,0.856407
22.911435,0.523976
23.181465,0.715017
23.451495,0.779156
23.721525,0.609004
23.991555,0.160630
24.261585,0.049765
24.531615,0.347053
24.801645,0.651460
25.071675,0.787020
25.341705,0.848060
25.611735,0.875746
25.881765,0.891320
26.151795,0.901269
26.421825,0.908161
26.691855,0.913262
26.961885,0.917189
27.231915,0.920349
27.501945,0.922953
27.771975,0.925184
28.042005,0.927086
28.312035,0.928743
28.582065,0.930184
28.852095,0.931381
29.122125,0.932285
29.392155,0.932598
29.662185,0.931059
29.932215,0.902376
30.202245,0.674625
30.472275,0.665750
30.742305,0.852559
31.012335,0.902683
31.282365,0.925584
31.552395,0.936081
31.822425,0.937289
32.092455,0.937358
32.362485,0.936668
32.632515,0.935134
32.902545,0.932466
33.172575,0.928132
33.442605,0.921188
33.712635,0.909744
33.982665,0.888225
34.252695,0.795533
34.522725,0.644106
34.792755,0.568837
35.062785,0.360753
35.332815,0.127558
35.602845,0.049267
35.872875,0.026962
36.142905,0.008206
36.412935,0.021764
36.682965,0.173560
36.952995,0.409906
37.223025,0.575689
37.493055,0.670127
37.763085,0.718318
38.033115,0.725323
38.303145,0.684025
38.573175,0.574020
38.843205,0.375118
39.113235,0.175102
39.383265,0.068577
39.653295,0.030634
39.923325,0.033992
40.193355,0.108012
40.463385,0.240865
40.733415,0.373747
41.003445,0.481098
41.273475,0.563771
41.543505,0.626929
41.813535,0.674052
42.083565,0.709387
42.353595,0.736483
42.623625,0.757830
42.893655,0.775056
43.163685,0.789203
43.433715,0.801014
43.703745,0.811030
43.973775,0.819638
44.243805,0.827113
44.513835,0.833652
44.783865,0.839418
45.053895,0.844549
45.323925,0.849176
45.593955,0.853331
45.863985,0.857122
46.134015,0.860552
46.404045,0.863700
46.674075,0.866594
46.944105,0.869271
47.214135,0.871736
47.484165,0.874015
47.754195,0.876101
48.024225,0.877945
48.294255,0.879419
48.564285,0.880152
48.834315,0.877986
49.104345,0.828164
49.374375,0.662908
49.644405,0.575155
49.914435,0.583630
50.184465,0.726914
50.454495,0.811980
50.724525,0.844914
50.994555,0.860434
51.264585,0.871097
51.534615,0.884724
51.804645,0.892411
52.074675,0.894523
52.344705,0.896008
52.614735,0.897278
52.884765,0.898433
53.154795,0.899494
53.424825,0.900480
53.694855,0.901406
53.964885,0.902295
54.234915,0.903160
54.504945,0.904000
54.774975,0.904812
55.045005,0.905596
55.315035,0.906355
55.585065,0.907095
55.855095,0.907814
56.125125,0.908506
56.395155,0.909163
56.665185,0.909776
56.935215,0.910281
57.205245,0.910381
57.475275,0.902709
57.745305,0.856265
58.015335,0.832840
58.285365,0.818576
58.555395,0.830849
58.825425,0.871095
59.095455,0.882333
59.365485,0.867445
59.635515,0.868139
59.905545,0.862450
60.175575,0.877221
60.445605,0.897853
60.715635,0.907895
60.985665,0.911997
61.255695,0.914238
61.525725,0.915663
61.795755,0.916652
62.065785,0.917908
62.335815,0.917471
62.605845,0.913528
62.875875,0.894062
63.145905,0.779339
63.415935,0.614278
63.685965,0.497413
63.955995,0.449918
64.226025,0.487309
64.496055,0.622662
64.766085,0.739792
65.036115,0.803102
65.306145,0.837050
65.576175,0.856855
65.846205,0.870399
66.116235,0.883396
66.386265,0.897542
66.656295,0.908599
66.926325,0.913074
67.196355,0.915394
67.466385,0.917110
67.736415,0.918523
68.006445,0.919737
68.276475,0.920810
68.546505,0.921787
68.816535,0.922694
69.086565,0.923543
69.356595,0.924353
69.626625,0.925133
69.896655,0.925890
70.166685,0.926626
70.436715,0.927344
70.706745,0.928048
70.976775,0.928742
71.246805,0.929435
71.516835,0.930124
71.786865,0.930812
72.056895,0.931510
72.326925,0.932218
72.596955,0.932922
72.866985,0.933640
73.137015,0.934371
73.407045,0.935110
73.677075,0.935860
73.947105,0.936618
74.217135,0.937375
74.487165,0.938131
74.757195,0.938860
75.027225,0.939521
75.297255,0.940051
75.567285,0.940311
75.837315,0.939989
76.107345,0.938314
76.377375,0.932671
76.647405,0.903658
76.917435,0.792307
77.187465,0.653767
77.457495,0.565578
77.727525,0.433106
77.997555,0.275074
78.267585,0.261631
78.537615,0.342722
78.807645,0.387040
79.077675,0.411528
79.347705,0.451754
79.617735,0.542591
79.887765,0.606407
80.157795,0.598816
80.427825,0.636589
80.697855,0.724644
80.967885,0.794224
81.237915,0.837264
81.507945,0.864212
81.777975,0.883312
82.048005,0.897493
82.318035,0.904599
82.588065,0.900378
82.858095,0.831207
83.128125,0.715598
83.398155,0.618798
83.668185,0.572468
83.938215,0.537202
84.208245,0.493806
84.478275,0.502810
84.748305,0.573005
85.018335,0.647240
85.288365,0.628402
85.558395,0.564109
85.828425,0.570806
86.098455,0.577482
86.368485,0.540555
86.638515,0.551397
86.908545,0.614392
87.178575,0.696485
87.448605,0.770605
87.718635,0.820281
87.988665,0.852045
88.258695,0.869997
88.528725,0.881673
88.798755,0.889710
89.068785,0.895076
89.338815,0.895746
89.608845,0.855506
89.878875,0.772448
90.148905,0.709158
90.418935,0.722202
90.688965,0.724376
90.958995,0.672153
91.229025,0.668798
91.499055,0.677350
91.769085,0.664297
92.039115,0.676460
92.309145,0.723765
92.579175,0.729091
92.849205,0.693974
93.119235,0.705498
93.389265,0.764693
93.659295,0.818169
93.929325,0.854729
94.199355,0.877815
94.469385,0.893930
94.739415,0.906823
95.009445,0.915410
95.279475,0.918892
95.549505,0.921159
95.819535,0.922475
96.089565,0.922364
96.359596,0.921093
96.629626,0.920051
96.899656,0.904542
97.169686,0.825868
97.439716,0.734139
97.709746,0.709906
97.979776,0.707042
98.249806,0.655707
98.519836,0.557216
98.789866,0.483939
99.059896,0.430844
99.329926,0.395797
99.599956,0.362769
99.869986,0.303134
100.140003,0.229314
100.410010,0.174846
100.680017,0.161027
100.950024,0.175412
101.220030,0.202489
101.490037,0.242910
101.760044,0.296281
102.030051,0.361842
102.300057,0.430920
102.570064,0.499003
102.840071,0.559396
103.110078,0.609019
103.380084,0.648515
103.650091,0.662399
103.920098,0.662794
104.190105,0.676153
104.460111,0.711190
104.730118,0.740055
105.000125,0.739491
105.270132,0.725189
105.540138,0.654640
105.810145,0.615479
106.080152,0.554911
106.350159,0.523086
106.620165,0.521170
106.890172,0.514715
107.160179,0.448065
107.430186,0.446358
107.700192,0.468802
107.970199,0.499812
108.240206,0.580147
108.510213,0.644058
108.780219,0.683816
109.050226,0.723956
109.320233,0.752044
109.590240,0.770229
109.860246,0.790725
110.130253,0.804608
110.400260,0.813636
110.670267,0.825125
110.940273,0.833248
111.210280,0.839711
111.480287,0.849636
111.750294,0.858632
112.020300,0.866662
112.290307,0.874713
112.560314,0.880254
112.830321,0.884403
113.100327,0.887798
113.370334,0.890549
113.640341,0.892581
113.910348,0.893586
114.180354,0.892761
114.450361,0.888048
114.720368,0.872748
114.990375,0.811799
115.260382,0.742379
115.530388,0.643361
115.800395,0.600620
116.070402,0.569889
116.340409,0.537461
116.610415,0.538726
116.880422,0.472724
117.150429,0.476355
117.420436,0.470028
117.690442,0.501653
117.960449,0.574439
118.230456,0.614074
118.500463,0.642356
118.770469,0.631593
119.040476,0.639125
119.310483,0.669240
119.580490,0.711435
119.850496,0.725857
120.120503,0.713579
120.390510,0.699075
120.660517,0.705069
120.930523,0.731512
121.200530,0.766509
121.470537,0.797923
121.740544,0.820505
122.010550,0.839497
122.280557,0.852048
122.550564,0.864760
122.820571,0.873106
123.090577,0.879654
123.360584,0.884925
123.630591,0.888966
123.900598,0.893142
124.170604,0.896105
124.440611,0.899491
124.710618,0.901845
124.980625,0.904250
125.250631,0.905792
125.520638,0.907187
125.790645,0.907109
126.060652,0.898488
126.330658,0.860895
126.600665,0.776024
126.870672,0.720034
127.140679,0.638197
127.410685,0.608430
127.680692,0.615927
127.950699,0.580914
128.220706,0.588705
128.490712,0.525758
128.760719,0.515263
129.030726,0.493704
129.300733,0.527063
129.570739,0.565112
129.840746,0.624159
130.110753,0.669440
130.380760,0.712984
130.650766,0.743240
130.920773,0.767686
131.190780,0.787273
131.460787,0.802226
131.730793,0.815429
132.000800,0.824931
132.270807,0.834598
132.540814,0.841168
132.810820,0.848735
133.080827,0.853633
133.350834,0.859970
133.620841,0.864037
133.890847,0.870035
134.160854,0.875873
134.430861,0.882707
134.700868,0.887730
134.970874,0.893522
135.240881,0.897204
135.510888,0.899714
135.780895,0.901080
136.050901,0.899855
136.320908,0.888727
136.590915,0.807721
136.860922,0.766058
137.130928,0.680325
137.400935,0.655887
137.670942,0.687947
137.940949,0.690270
138.210955,0.705535
138.480962,0.636118
138.750969,0.530333
139.020976,0.430862
139.290982,0.407238
139.560989,0.427009
139.830996,0.506377
140.101003,0.573618
140.371009,0.583954
140.641016,0.606107
140.911023,0.554966
141.181030,0.596994
141.451036,0.585713
141.721043,0.654790
141.991050,0.688704
142.261057,0.735994
142.531063,0.770154
142.801070,0.790784
143.071077,0.812253
143.341084,0.822515
143.611090,0.837618
143.881097,0.840847
144.151104,0.841899
144.421111,0.772663
144.691117,0.729871
144.961124,0.674057
145.231131,0.641116
145.501138,0.690459
145.771144,0.683826
146.041151,0.744754
146.311158,0.689396
146.581165,0.704487
146.851171,0.621340
147.121178,0.638233
147.391185,0.635719
147.661192,0.649798
147.931198,0.721509
148.201205,0.726106
148.471212,0.775888
148.741219,0.718836
149.011225,0.718041
149.281232,0.714746
149.551239,0.725467
149.821246,0.745378
150.091252,0.728868
150.361259,0.686270
150.631266,0.638396
150.901273,0.627942
151.171279,0.613708
151.441286,0.635208
151.711293,0.670633
151.981300,0.672859
152.251306,0.672893
152.521313,0.680220
152.791320,0.676043
153.061327,0.686530
153.331333,0.715625
153.601340,0.750669
153.871347,0.776768
154.141354,0.814258
154.411360,0.828999
154.681367,0.843368
154.951374,0.853556
155.221381,0.860609
155.491387,0.868999
155.761394,0.872926
156.031401,0.878165
156.301408,0.881625
156.571414,0.884617
156.841421,0.888037
157.111428,0.889899
157.381435,0.892569
157.651441,0.893100
157.921448,0.894328
158.191455,0.898785
158.461462,0.901064
158.731468,0.904026
159.001475,0.905841
159.271482,0.907033
159.541489,0.908816
159.811495,0.910359
160.081502,0.911290
160.351509,0.904285
160.621516,0.903766
160.891522,0.907979
161.161529,0.904263
161.431536,0.910622
161.701543,0.913571
161.971549,0.914149
162.241556,0.914703
162.511563,0.910421
162.781570,0.913616
163.051576,0.910613
163.321583,0.909179
163.591590,0.916079
163.861597,0.914594
164.131603,0.918250
164.401610,0.921964
164.671617,0.922211
164.941624,0.925077
165.211630,0.925518
165.481637,0.926492
165.751644,0.927877
166.021651,0.927171
166.291657,0.926181
166.561664,0.908584
166.831671,0.833646
167.101678,0.798127
167.371684,0.785638
167.641691,0.786148
167.911698,0.795401
168.181705,0.816805
168.451711,0.853193
168.721718,0.852038
168.991725,0.819655
169.261732,0.808533
169.531738,0.788475
169.801745,0.761813
170.071752,0.762442
170.341759,0.772207
170.611765,0.805561
170.881772,0.819903
171.151779,0.846285
171.421786,0.874427
171.691792,0.881777
171.961799,0.893503
172.231806,0.902040
172.501813,0.904925
172.771819,0.911725
173.041826,0.914207
173.311833,0.913903
173.581840,0.914725
173.851846,0.910890
174.121853,0.903294
174.391860,0.890500
174.661867,0.863019
174.931873,0.804800
175.201880,0.749787
175.471887,0.720251
175.741894,0.660754
176.011900,0.622075
176.281907,0.601972
176.551914,0.565154
176.821921,0.538269
177.091927,0.526161
177.361934,0.502875
177.631941,0.488988
177.901948,0.481153
178.171954,0.446529
178.441961,0.444944
178.711968,0.437732
178.981975,0.400344
179.251981,0.387054
179.521988,0.420082
179.791995,0.436736
180.062002,0.443306
180.332008,0.506445
180.602015,0.549563
180.872022,0.573722
181.142029,0.623192
181.412035,0.645388
181.682042,0.657395
181.952049,0.692544
182.222056,0.701249
182.492062,0.702675
182.762069,0.735353
183.032076,0.743596
183.302083,0.732323
183.572089,0.757302
183.842096,0.778864
184.112103,0.775357
184.382110,0.791332
184.652116,0.809718
184.922123,0.812318
185.192130,0.822663
185.462137,0.829535
185.732143,0.822544
186.002150,0.823405
186.272157,0.822417
186.542164,0.817270
186.812170,0.828567
187.082177,0.839370
187.352184,0.841889
187.622191,0.854610
187.892197,0.867207
188.162204,0.871471
188.432211,0.876984
188.702218,0.878080
188.972224,0.880517
189.242231,0.886542
189.512238,0.881025
189.782245,0.873567
190.052251,0.874207
190.322258,0.881081
190.592265,0.885574
190.862272,0.886177
191.132278,0.894368
191.402285,0.904107
191.672292,0.906573
191.942299,0.909952
192.212305,0.913059
192.482312,0.908366
192.752319,0.908310
193.022326,0.915185
193.292332,0.908550
193.562339,0.902075
193.832346,0.911779
194.102353,0.910930
194.372359,0.897876
194.642366,0.885408
194.912373,0.837063
195.182380,0.765466
195.452386,0.752264
195.722393,0.719689
195.992400,0.648774
196.262407,0.639811
196.532413,0.670667
196.802420,0.667803
197.072427,0.667082
197.342434,0.690313
197.612440,0.680529
197.882447,0.656613
198.152454,0.659695
198.422461,0.632695
198.692467,0.562777
198.962474,0.564748
199.232481,0.580400
199.502488,0.546371
199.772494,0.544213
200.042501,0.583074
200.312508,0.569049
200.582515,0.500678
200.852521,0.518348
201.122528,0.538417
201.392535,0.517786
201.662542,0.572332
201.932548,0.611002
202.202555,0.615773
202.472562,0.664468
202.742569,0.705507
203.012575,0.702421
203.282582,0.670218
203.552589,0.687016
203.822596,0.687122
204.092602,0.628182
204.362609,0.627869
204.632616,0.647543
204.902623,0.630474
205.172629,0.628790
205.442636,0.648497
205.712643,0.655253
205.982650,0.682699
206.252656,0.725936
206.522663,0.730739
206.792670,0.746340
207.062677,0.778556
207.332683,0.794133
207.602690,0.799327
207.872697,0.807629
208.142704,0.810932
208.412710,0.802579
208.682717,0.809118
208.952724,0.781355
209.222731,0.689659
209.492737,0.666982
209.762744,0.718659
210.032751,0.743541
210.302758,0.710526
210.572764,0.726374
210.842771,0.787104
211.112778,0.806446
211.382785,0.804706
211.652791,0.818934
211.922798,0.816986
212.192805,0.785799
212.462812,0.784449
212.732818,0.799579
213.002825,0.764855
213.272832,0.731897
213.542839,0.746649
213.812845,0.793445
214.082852,0.790264
214.352859,0.787248
214.622866,0.812329
214.892872,0.845762
215.162879,0.836999
215.432886,0.785128
215.702893,0.722686
215.972899,0.722061
216.242906,0.704927
216.512913,0.648151
216.782920,0.672644
217.052926,0.684355
217.322933,0.617628
217.592940,0.581833
217.862947,0.639171
218.132953,0.682271
218.402960,0.655989
218.672967,0.613949
218.942974,0.647368
219.212980,0.677957
219.482987,0.624809
219.752994,0.578890
220.023001,0.610905
220.293007,0.557608
220.563014,0.418922
220.833021,0.423880
221.103028,0.486324
221.373034,0.485494
221.643041,0.433525
221.913048,0.477525
222.183055,0.559217
222.453061,0.612650
222.723068,0.607482
222.993075,0.619587
223.263082,0.640034
223.533088,0.649677
223.803095,0.654384
224.073102,0.668804
224.343109,0.676687
224.613115,0.655214
224.883122,0.639894
225.153129,0.653564
225.423136,0.682261
225.693142,0.643608
225.963149,0.571279
226.233156,0.562319
226.503163,0.586843
226.773169,0.629372
227.043176,0.635880
227.313183,0.624727
227.583190,0.631295
227.853196,0.690546
228.123203,0.734070
228.393210,0.736336
228.663217,0.735881
228.933223,0.737053
229.203230,0.736542
229.473237,0.738685
229.743244,0.736131
230.013250,0.708678
230.283257,0.677981
230.553264,0.678196
230.823271,0.681875
231.093277,0.673283
231.363284,0.602195
231.633291,0.589510
231.903298,0.598544
232.173304,0.643302
232.443311,0.662418
232.713318,0.624373
232.983325,0.552841
233.253331,0.576023
233.523338,0.611753
233.793345,0.601204
234.063352,0.597261
234.333358,0.630025
234.603365,0.624224
234.873372,0.612524
235.143379,0.629332
235.413385,0.657549
235.683392,0.630601
235.953399,0.591920
236.223406,0.560913
236.493412,0.575372
236.763419,0.614363
237.033426,0.607521
237.303433,0.547104
237.573439,0.540006
237.843446,0.580677
238.113453,0.587286
238.383460,0.560390
238.653466,0.596515
238.923473,0.651126
239.193480,0.669669
239.463487,0.662861
239.733493,0.691584
240.003500,0.735546
240.273507,0.756465
240.543514,0.756800
240.813520,0.763497
241.083527,0.786321
241.353534,0.799270
241.623541,0.796399
241.893547,0.792965
242.163554,0.809954
242.433561,0.825575
242.703568,0.820107
242.973574,0.803091
243.243581,0.792543
243.513588,0.758046
243.783595,0.729262
244.053601,0.738362
244.323608,0.785022
244.593615,0.792825
244.863622,0.768551
245.133628,0.768029
245.403635,0.802399
245.673642,0.833026
245.943649,0.828663
246.213655,0.824033
246.483662,0.832596
246.753669,0.845697
247.023676,0.828997
247.293682,0.809992
247.563689,0.812869
247.833696,0.818002
248.103703,0.753400
248.373709,0.673723
248.643716,0.685934
248.913723,0.761744
249.183730,0.778944
249.453736,0.708892
249.723743,0.696721
249.993750,0.763300
250.263757,0.824681
250.533763,0.811732
250.803770,0.788031
251.073777,0.811074
251.343784,0.848878
251.613790,0.847816
251.883797,0.815480
252.153804,0.813899
252.423811,0.844849
252.693817,0.851581
252.963824,0.795861
253.233831,0.758163
253.503838,0.791827
253.773844,0.846990
254.043851,0.834230
254.313858,0.779550
254.583865,0.779663
254.853871,0.834487
255.123878,0.869293
255.393885,0.849819
255.663892,0.828483
255.933898,0.846136
256.203905,0.878785
256.473912,0.886397
256.743919,0.871191
257.013925,0.866849
257.283932,0.881932
257.553939,0.896682
257.823946,0.893802
258.093952,0.884027
258.363959,0.886280
258.633966,0.897735
258.903973,0.903138
259.173979,0.896010
259.443986,0.888891
259.713993,0.883590
259.984000,0.841232
260.254006,0.778947
260.524013,0.759832
260.794020,0.791810
261.064027,0.851169
261.334033,0.838004
261.604040,0.803582
261.874047,0.801193
262.144054,0.838370
262.414060,0.881089
262.684067,0.874141
262.954074,0.860053
263.224081,0.859105
263.494087,0.869801
263.764094,0.834813
264.034101,0.717382
264.304108,0.674896
264.574114,0.678208
264.844121,0.696751
265.114128,0.681649
265.384135,0.590680
265.654141,0.515628
265.924148,0.519755
266.194155,0.610223
266.464162,0.694747
266.734168,0.685879
267.004175,0.650262
267.274182,0.663675
267.544189,0.728402
267.814195,0.766867
268.084202,0.747115
268.354209,0.732185
268.624216,0.739415
268.894222,0.757000
269.164229,0.726089
269.434236,0.660427
269.704243,0.635745
269.974249,0.638206
270.244256,0.666148
270.514263,0.707370
270.784270,0.677374
271.054276,0.630163
271.324283,0.626995
271.594290,0.677831
271.864297,0.759322
272.134303,0.765479
272.404310,0.727627
272.674317,0.675954
272.944324,0.653385
273.214330,0.694634
273.484337,0.743101
273.754344,0.775008
274.024351,0.745349
274.294357,0.677162
274.564364,0.611724
274.834371,0.626773
275.104378,0.656484
275.374384,0.649130
275.644391,0.619904
275.914398,0.625271
276.184405,0.668285
276.454411,0.698571
276.724418,0.695926
276.994425,0.675369
277.264432,0.691265
277.534438,0.733800
277.804445,0.753672
278.074452,0.668372
278.344459,0.526867
278.614465,0.476357
278.884472,0.510121
279.154479,0.614407
279.424486,0.654827
279.694492,0.561973
279.964499,0.473216
280.234506,0.457276
280.504513,0.529642
280.774519,0.590564
281.044526,0.541126
281.314533,0.437699
281.584540,0.419711
281.854546,0.476649
282.124553,0.554863
282.394560,0.590640
282.664567,0.551017
282.934573,0.537836
283.204580,0.575025
283.474587,0.625182
283.744594,0.621916
284.014600,0.567928
284.284607,0.551352
284.554614,0.574478
284.824621,0.640062
285.094627,0.698214
285.364634,0.670945
285.634641,0.640893
285.904648,0.643402
286.174654,0.679526
286.444661,0.742224
286.714668,0.746761
286.984675,0.677362
287.254681,0.622423
287.524688,0.628215
287.794695,0.679650
288.064702,0.748247
288.334708,0.735540
288.604715,0.630567
288.874722,0.560357
289.144729,0.571154
289.414735,0.638484
289.684742,0.729180
289.954749,0.736285
290.224756,0.684793
290.494762,0.674859
290.764769,0.700099
291.034776,0.738604
291.304783,0.720170
291.574789,0.648892
291.844796,0.626703
292.114803,0.654991
292.384810,0.676397
292.654816,0.664282
292.924823,0.630557
293.194830,0.638166
293.464837,0.674161
293.734843,0.708939
294.004850,0.720250
294.274857,0.706381
294.544864,0.649336
294.814870,0.620370
295.084877,0.634768
295.354884,0.667886
295.624891,0.725785
295.894897,0.735861
296.164904,0.699373
296.434911,0.694051
296.704918,0.712335
296.974924,0.732713
297.244931,0.725055
297.514938,0.665695
297.784945,0.644329
298.054951,0.666287
298.324958,0.691409
298.594965,0.683892
298.864972,0.661126
299.134978,0.667766
299.404985,0.710200
299.674992,0.746465
299.944999,0.760676
300.215005,0.757624
300.485012,0.753136
300.755019,0.775430
301.025026,0.803449
301.295032,0.821731
301.565039,0.827328
301.835046,0.825895
302.105053,0.823888
302.375059,0.835499
302.645066,0.848278
302.915073,0.857572
303.185080,0.861228
303.455086,0.860400
303.725093,0.860155
303.995100,0.866599
304.265107,0.872205
304.535113,0.871704
304.805120,0.848070
305.075127,0.762458
305.345134,0.705957
305.615140,0.704126
305.885147,0.709117
306.155154,0.738508
306.425161,0.795547
306.695167,0.768902
306.965174,0.733749
307.235181,0.676046
307.505188,0.619479
307.775194,0.633140
308.045201,0.693977
308.315208,0.749298
308.585215,0.783617
308.855221,0.756667
309.125228,0.725288
309.395235,0.733876
309.665242,0.762182
309.935248,0.791406
310.205255,0.814568
310.475262,0.805721
310.745269,0.793969
311.015275,0.797160
311.285282,0.773759
311.555289,0.704548
311.825296,0.687486
312.095302,0.674339
312.365309,0.663917
312.635316,0.681365
312.905323,0.665523
313.175329,0.602473
313.445336,0.585121
313.715343,0.563145
313.985350,0.528313
314.255356,0.458443
314.525363,0.445369
314.795370,0.473506
315.065377,0.512998
315.335383,0.547188
315.605390,0.601386
315.875397,0.586523
316.145404,0.587541
316.415410,0.617260
316.685417,0.650881
316.955424,0.676937
317.225431,0.722665
317.495437,0.729712
317.765444,0.729351
318.035451,0.738635
318.305458,0.755663
318.575464,0.769480
318.845471,0.791547
319.115478,0.779056
319.385485,0.722791
319.655491,0.668160
319.925498,0.662820
320.195505,0.697053
320.465512,0.759657
320.735518,0.726362
321.005525,0.629965
321.275532,0.579354
321.545539,0.568711
321.815545,0.593099
322.085552,0.686428
322.355559,0.742478
322.625566,0.703697
322.895572,0.681295
323.165579,0.678343
323.435586,0.689491
323.705593,0.732088
323.975599,0.770353
324.245606,0.730972
324.515613,0.699947
324.785620,0.715178
325.055626,0.754412
325.325633,0.788097
325.595640,0.816751
325.865647,0.801453
326.135653,0.774442
326.405660,0.775118
326.675667,0.800022
326.945674,0.823792
327.215680,0.844675
327.485687,0.847412
327.755694,0.832423
328.025701,0.826549
328.295707,0.835446
328.565714,0.848530
328.835721,0.859545
329.105728,0.858727
329.375734,0.822035
329.645741,0.781366
329.915748,0.780882
330.185755,0.804274
330.455761,0.764621
330.725768,0.700335
330.995775,0.649144
331.265782,0.585813
331.535788,0.592869
331.805795,0.706105
332.075802,0.780217
332.345809,0.760888
332.615815,0.737915
332.885822,0.703527
333.155829,0.682990
333.425836,0.728923
333.695842,0.804736
333.965849,0.828086
334.235856,0.822146
334.505863,0.811471
334.775869,0.794920
335.045876,0.797112
335.315883,0.831180
335.585890,0.858817
335.855896,0.860520
336.125903,0.849907
336.395910,0.813818
336.665917,0.770709
336.935923,0.769713
337.205930,0.805442
337.475937,0.785831
337.745944,0.713227
338.015950,0.682251
338.285957,0.653326
338.555964,0.647601
338.825971,0.722612
339.095977,0.799346
339.365984,0.783911
339.635991,0.752080
339.905998,0.742129
340.176004,0.732315
340.446011,0.748416
340.716018,0.809932
340.986025,0.845441
341.256031,0.833090
341.526038,0.823625
341.796045,0.818988
342.066052,0.815645
342.336058,0.829868
342.606065,0.851897
342.876072,0.832835
343.146079,0.792029
343.416085,0.787402
343.686092,0.814243
343.956099,0.841640
344.226106,0.862899
344.496112,0.873973
344.766119,0.855446
345.036126,0.831416
345.306133,0.829218
345.576139,0.821173
345.846146,0.763905
346.116153,0.721658
346.386160,0.718223
346.656166,0.729976
346.926173,0.785397
347.196180,0.837829
347.466187,0.840282
347.736193,0.788713
348.006200,0.714392
348.276207,0.652165
348.546214,0.642724
348.816220,0.702835
349.086227,0.793996
349.356234,0.842255
349.626241,0.831172
349.896247,0.787636
350.166254,0.715006
350.436261,0.610389
350.706268,0.554975
350.976274,0.604067
351.246281,0.677152
351.516288,0.745484
351.786295,0.798029
352.056301,0.787608
352.326308,0.728021
352.596315,0.687720
352.866322,0.705114
353.136328,0.713511
353.406335,0.681812
353.676342,0.673547
353.946349,0.670125
354.216355,0.670799
354.486362,0.719986
354.756369,0.779870
355.026376,0.789601
355.296382,0.722229
355.566389,0.581995
355.836396,0.458643
356.106403,0.426724
356.376409,0.489145
356.646416,0.641455
356.916423,0.768669
357.186430,0.780856
357.456436,0.709119
357.726443,0.615544
357.996450,0.541306
358.266457,0.492729
358.536463,0.542013
358.806470,0.617535
359.076477,0.648971
359.346484,0.683930
359.616490,0.701642
359.886497,0.693352
360.156504,0.663628
360.426511,0.673642
360.696517,0.710943
360.966524,0.729626
361.236531,0.755020
361.506538,0.777873
361.776544,0.784500
362.046551,0.775807
362.316558,0.779319
362.586565,0.800832
362.856571,0.807954
363.126578,0.782416
363.396585,0.713142
363.666592,0.665842
363.936598,0.653697
364.206605,0.667736
364.476612,0.735860
364.746619,0.806014
365.016625,0.819090
365.286632,0.783418
365.556639,0.741018
365.826646,0.728009
366.096652,0.730692
366.366659,0.762508
366.636666,0.806118
366.906673,0.808576
367.176679,0.789752
367.446686,0.779256
367.716693,0.790521
367.986700,0.801572
368.256706,0.815266
368.526713,0.838936
368.796720,0.846211
369.066727,0.835163
369.336733,0.826063
369.606740,0.830301
369.876747,0.839427
370.146754,0.846470
370.416760,0.859632
370.686767,0.871599
370.956774,0.869356
371.226781,0.855113
371.496787,0.810042
371.766794,0.730313
372.036801,0.691019
372.306808,0.692046
372.576814,0.717908
372.846821,0.781181
373.116828,0.837941
373.386835,0.844970
373.656841,0.809696
373.926848,0.767308
374.196855,0.757742
374.466862,0.766852
374.736868,0.794345
375.006875,0.841214
375.276882,0.867379
375.546889,0.865132
375.816895,0.846199
376.086902,0.832766
376.356909,0.833052
376.626916,0.841931
376.896922,0.859924
377.166929,0.880491
377.436936,0.887882
377.706943,0.883770
377.976949,0.873886
378.246956,0.869490
378.516963,0.871565
378.786970,0.878129
379.056976,0.888499
379.326983,0.893886
379.596990,0.871303
379.866997,0.777644
380.137003,0.652357
380.407010,0.602130
380.677017,0.617468
380.947024,0.674229
381.217030,0.745111
381.487037,0.788187
381.757044,0.799558
382.027051,0.761502
382.297057,0.706223
382.567064,0.690724
382.837071,0.709677
383.107078,0.753151
383.377084,0.801575
383.647091,0.827171
383.917098,0.834526
384.187105,0.819594
384.457111,0.802190
384.727118,0.801694
384.997125,0.814640
385.267132,0.837502
385.537138,0.860332
385.807145,0.871920
386.077152,0.873939
386.347159,0.864155
386.617165,0.856051
386.887172,0.856675
387.157179,0.863564
387.427186,0.875789
387.697192,0.887390
387.967199,0.890392
388.237206,0.875086
388.507213,0.828395
388.777219,0.782362
389.047226,0.773915
389.317233,0.800756
389.587240,0.826475
389.857246,0.824057
390.127253,0.813965
390.397260,0.781504
390.667267,0.713551
390.937273,0.666432
391.207280,0.675551
391.477287,0.744701
391.747294,0.817176
392.017300,0.838672
392.287307,0.838389
392.557314,0.823838
392.827321,0.788417
393.097327,0.764416
393.367334,0.770687
393.637341,0.809929
393.907348,0.856221
394.177354,0.874820
394.447361,0.877562
394.717368,0.872407
394.987375,0.855647
395.257381,0.842498
395.527388,0.843761
395.797395,0.860687
396.067402,0.884195
396.337408,0.896173
396.607415,0.898940
396.877422,0.897347
397.147429,0.888276
397.417435,0.878985
397.687442,0.875702
397.957449,0.870625
398.227456,0.844746
398.497462,0.804207
398.767469,0.781916
399.037476,0.758759
399.307483,0.671771
399.577489,0.584939
399.847496,0.563565
400.117503,0.604040
400.387510,0.708498
400.657516,0.786151
400.927523,0.805850
401.197530,0.805627
401.467537,0.766110
401.737543,0.701806
402.007550,0.675672
402.277557,0.690347
402.547564,0.751957
402.817570,0.823978
403.087577,0.853349
403.357584,0.860614
403.627591,0.853542
403.897597,0.826248
404.167604,0.807902
404.437611,0.808664
404.707618,0.829324
404.977624,0.864743
405.247631,0.885187
405.517638,0.890727
405.787645,0.890958
406.057651,0.880480
406.327658,0.867079
406.597665,0.862768
406.867672,0.863502
407.137678,0.856587
407.407685,0.824667
407.677692,0.792295
407.947699,0.785693
408.217705,0.776016
408.487712,0.734387
408.757719,0.711549
409.027726,0.713627
409.297732,0.742270
409.567739,0.790881
409.837746,0.808700
410.107753,0.809509
410.377759,0.813192
410.647766,0.795636
410.917773,0.767802
411.187780,0.754126
411.457786,0.735581
411.727793,0.693791
411.997800,0.666368
412.267807,0.666876
412.537813,0.670622
412.807820,0.674183
413.077827,0.691687
413.347834,0.751716
413.617840,0.790807
413.887847,0.791690
414.157854,0.768637
414.427861,0.760024
414.697867,0.763662
414.967874,0.768072
415.237881,0.771044
415.507888,0.791477
415.777894,0.830207
416.047901,0.850183
416.317908,0.852021
416.587915,0.845924
416.857921,0.845926
417.127928,0.847313
417.397935,0.842875
417.667942,0.811922
417.937948,0.741898
418.207955,0.697236
418.477962,0.693970
418.747969,0.693870
419.017975,0.692794
419.287982,0.694023
419.557989,0.696662
419.827996,0.708682
420.098002,0.737324
420.368009,0.743194
420.638016,0.735013
420.908023,0.715079
421.178029,0.648406
421.448036,0.586710
421.718043,0.573856
421.988050,0.570710
422.258056,0.577608
422.528063,0.621729
422.798070,0.702200
423.068077,0.758077
423.338083,0.764606
423.608090,0.722079
423.878097,0.678892
424.148104,0.662578
424.418110,0.658146
424.688117,0.672183
424.958124,0.713512
425.228131,0.776538
425.498137,0.818501
425.768144,0.828042
426.038151,0.811536
426.308158,0.793575
426.578164,0.785761
426.848171,0.781981
427.118178,0.779391
427.388185,0.756679
427.658191,0.703929
427.928198,0.680547
428.198205,0.679206
428.468212,0.670959
428.738218,0.663098
429.008225,0.660494
429.278232,0.661647
429.548239,0.676610
429.818245,0.710008
430.088252,0.717619
430.358259,0.715787
430.628266,0.719561
430.898272,0.708157
431.168279,0.680041
431.438286,0.653876
431.708293,0.650020
431.978299,0.678434
432.248306,0.733478
432.518313,0.775159
432.788320,0.792516
433.058326,0.801943
433.328333,0.798755
433.598340,0.779866
433.868347,0.752777
434.138353,0.736825
434.408360,0.750105
434.678367,0.789713
434.948374,0.826578
435.218380,0.843788
435.488387,0.851723
435.758394,0.849314
436.028401,0.826518
436.298407,0.766199
436.568414,0.692041
436.838421,0.663565
437.108428,0.689001
437.378434,0.754360
437.648441,0.823302
437.918448,0.859614
438.188455,0.869344
438.458461,0.863747
438.728468,0.839300
438.998475,0.796633
439.268482,0.769349
439.538488,0.773419
439.808495,0.803624
440.078502,0.846440
440.348509,0.875960
440.618515,0.883225
440.888522,0.864669
441.158529,0.793379
441.428536,0.670138
441.698542,0.597454
441.968549,0.601705
442.238556,0.642589
442.508563,0.709128
442.778569,0.799763
443.048576,0.857468
443.318583,0.871369
443.588590,0.851552
443.858596,0.790460
444.128603,0.726246
444.398610,0.712572
444.668617,0.733467
444.938623,0.765861
445.208630,0.801627
445.478637,0.806890
445.748644,0.767551
446.018650,0.730239
446.288657,0.682236
446.558664,0.588435
446.828671,0.504765
447.098677,0.484991
447.368684,0.526767
447.638691,0.641518
447.908698,0.752182
448.178704,0.743261
448.448711,0.663092
448.718718,0.614819
448.988725,0.571439
449.258731,0.515723
449.528738,0.516266
449.798745,0.577403
450.068752,0.652834
450.338758,0.747743
450.608765,0.808194
450.878772,0.791592
451.148779,0.748126
451.418785,0.700969
451.688792,0.600036
451.958799,0.487105
452.228806,0.453622
452.498812,0.483213
452.768819,0.557784
453.038826,0.683131
453.308833,0.786142
453.578839,0.811947
453.848846,0.803656
454.118853,0.772445
454.388860,0.698925
454.658866,0.634595
454.928873,0.621085
455.198880,0.641238
455.468887,0.690361
455.738893,0.758399
456.008900,0.775270
456.278907,0.734657
456.548914,0.701002
456.818920,0.671326
457.088927,0.623202
457.358934,0.590191
457.628941,0.589463
457.898947,0.617511
458.168954,0.692566
458.438961,0.769059
458.708968,0.748592
458.978974,0.653788
459.248981,0.592793
459.518988,0.564799
459.788995,0.539850
460.059001,0.550023
460.329008,0.609355
460.599015,0.673900
460.869022,0.745367
461.139028,0.804073
461.409035,0.794700
461.679042,0.736934
461.949049,0.700092
462.219055,0.680330
462.489062,0.651746
462.759069,0.632648
463.029076,0.650300
463.299082,0.681364
463.569089,0.697988
463.839096,0.684211
464.109103,0.659720
464.379109,0.632526
464.649116,0.627797
464.919123,0.661626
465.189130,0.705310
465.459136,0.720746
465.729143,0.732351
465.999150,0.751735
466.269157,0.769628
466.539163,0.770323
466.809170,0.759874
467.079177,0.744083
467.349184,0.730548
467.619190,0.724491
467.889197,0.728054
468.159204,0.737851
468.429211,0.764803
468.699217,0.800310
468.969224,0.825868
469.239231,0.832399
469.509238,0.810815
469.779244,0.739812
470.049251,0.654193
470.319258,0.623020
470.589265,0.615808
470.859271,0.616871
471.129278,0.641391
471.399285,0.715426
471.669292,0.794572
471.939298,0.833022
472.209305,0.839250
472.479312,0.814072
472.749319,0.765075
473.019325,0.739987
473.289332,0.732998
473.559339,0.716652
473.829346,0.671344
474.099352,0.633223
474.369359,0.639670
474.639366,0.623868
474.909373,0.585850
475.179379,0.594926
475.449386,0.608982
475.719393,0.590560
475.989400,0.586670
476.259406,0.621755
476.529413,0.652601
476.799420,0.673483
477.069427,0.706486
477.339433,0.719343
477.609440,0.691804
477.879447,0.674978
478.149454,0.685929
478.419460,0.680694
478.689467,0.661291
478.959474,0.660119
479.229481,0.679329
479.499487,0.708389
479.769494,0.752416
480.039501,0.791958
480.309508,0.799493
480.579514,0.783279
480.849521,0.755817
481.119528,0.687971
481.389535,0.618041
481.659541,0.592306
481.929548,0.589435
482.199555,0.599581
482.469562,0.635825
482.739568,0.718295
483.009575,0.790574
483.279582,0.813463
483.549589,0.810136
483.819595,0.782631
484.089602,0.724443
484.359609,0.682254
484.629616,0.645391
484.899622,0.588672
485.169629,0.523547
485.439636,0.492665
485.709643,0.545565
485.979649,0.604046
486.249656,0.620522
486.519663,0.648092
486.789670,0.691805
487.059676,0.704643
487.329683,0.684374
487.599690,0.644989
487.869697,0.606601
488.139703,0.583361
488.409710,0.600168
488.679717,0.653420
488.949724,0.687576
489.219730,0.701270
489.489737,0.732630
489.759744,0.766395
490.029751,0.771537
490.299757,0.753443
490.569764,0.730429
490.839771,0.716666
491.109778,0.719610
491.379784,0.747331
491.649791,0.781940
491.919798,0.796218
492.189805,0.789284
492.459811,0.756482
492.729818,0.699042
492.999825,0.661281
493.269832,0.647364
493.539838,0.655858
493.809845,0.700986
494.079852,0.759911
494.349859,0.802729
494.619865,0.828843
494.889872,0.838095
495.159879,0.835058
495.429886,0.816140
495.699892,0.781392
495.969899,0.753254
496.239906,0.717384
496.509913,0.656335
496.779919,0.610802
497.049926,0.619005
497.319933,0.674520
497.589940,0.746264
497.859946,0.770117
498.129953,0.738049
498.399960,0.707294
498.669967,0.711085
498.939973,0.746869
499.209980,0.768704
499.479987,0.746030
499.749994,0.711556
500.000000,0.705251
